<?xml version="1.0" encoding="utf-8"?>
<extension type="plugin" client="site" group="system" method="upgrade">
	<name>PLG_SYSTEM_ONUSERGHSVS</name>
	<author>G@HService Berlin Neukölln, Volkmar Volli Schlothauer</author>
	<creationDate>2021-12-04</creationDate>
	<copyright>(C) 2021, G@HService Berlin Neukölln, Volkmar Volli Schlothauer.</copyright>
	<license>GNU General Public License version 3 or later; see LICENSE.txt.</license>
	<authorUrl>https://ghsvs.de</authorUrl>
	<version>2023.03.30</version>
	<description>PLG_SYSTEM_ONUSERGHSVS_XML_DESCRIPTION</description>

	<updateservers><server type="extension" priority="1" name="PLG_SYSTEM_ONUSERGHSVS">https://raw.githubusercontent.com/GHSVS-de/upadateservers/master/plg_system_onuserghsvs-update.xml</server></updateservers>

	<infourl>https://github.com/GHSVS-de/plg_system_onuserghsvs#readme</infourl>

	<downloadUrl>
	https://github.com/GHSVS-de/plg_system_onuserghsvs/raw/2023.03.30/dist/plg_system_onuserghsvs-2023.03.30.zip
	</downloadUrl>

	<scriptfile>installerScript.php</scriptfile>
	<minimumPhp>7.4.0</minimumPhp>
	<maximumPhp>8.9999.9999</maximumPhp>
	<minimumJoomla>4.2.0</minimumJoomla>
	<maximumJoomla>4.9999.9999</maximumJoomla>
	<allowDowngrades>1</allowDowngrades>

	<files>
		<filename plugin="onuserghsvs">onuserghsvs.php</filename>
		<filename>installerScript.php</filename>
		<filename>LICENSE.txt</filename>
		<folder>language</folder>
		<folder>src</folder>
	</files>
	<namespace path="src">Joomla\Plugin\System\OnUserGhsvs</namespace>
	<config addfieldpath="plugins/system/onuserghsvs/src/Field/j3" addfieldprefix="Joomla\Plugin\System\OnUserGhsvs\Field">
		<fields name="params">

			<fieldset name="basic">
				<field type="hidden" default="1" name="onuserghsvsplugin"/>
			</fieldset>

			<fieldset name="onRegister"
				label="PLG_ONUSERGHSVS_FIELDSET_ONREGISTER">
				<!--####Register. passwordMinimumLength-->
				<field name="passwordMinimumLengthSpacer" type="note"
					class="alert alert-warning"
					label="PLG_SYSTEM_ONUSERGHSVS_PASSWORDMINIMUMLENGTH"
					description="PLG_SYSTEM_ONUSERGHSVS_PASSWORDMINIMUMLENGTH_DESC"/>

				<field name="passwordMinimumLength" type="list" default="0" filter="integer"
					label="PLG_SYSTEM_ONUSERGHSVS_PASSWORDMINIMUMLENGTH">
					<option value="1">JYES</option>
					<option value="0">JNO</option>
				</field>

				<field name="minimum_length" type="number"
					label="PLG_SYSTEM_ONUSERGHSVS_PASSWORDMINIMUMLENGTH_LBL"
					filter="integer"
					min="1"
					step="1"
					default="5"
					validate="number"
					showon="passwordMinimumLength:1"/>


				<!--####Register. Info email-->
				<field name="informAdminsSpacer" type="note"
					class="alert alert-warning"
					label="PLG_SYSTEM_ONUSERGHSVS_INFORMADMINS"
					description="PLG_SYSTEM_ONUSERGHSVS_INFORMADMINS_DESC"/>

				<field name="informAdmins" type="list" default="0" filter="integer"
					label="PLG_SYSTEM_ONUSERGHSVS_INFORMADMINS">
					<option value="1">JYES</option>
					<option value="0">JNO</option>
				</field>

				<field name="infoSpacer" type="note" close="true"
					class="alert alert-secondary"
					label="PLG_SYSTEM_ONUSERGHSVS_INFORMADMINS_INFO"
					description="PLG_SYSTEM_ONUSERGHSVS_INFORMADMINS_INFO_DESC"
					showon="informAdmins:1"/>

				<field name="specificEmailsSpacer" type="note" close="true"
					class="alert alert-info"
					label="PLG_SYSTEM_ONUSERGHSVS_SPECIFICEMAILS"
					description="PLG_SYSTEM_ONUSERGHSVS_SPECIFICEMAILS_DESC"
					showon="informAdmins:1"/>

				<field name="specificEmails" type="text" default="" filter="string"
					label="PLG_SYSTEM_ONUSERGHSVS_SPECIFICEMAILS"
					showon="informAdmins:1"/>
				<!--/####Register. Info email-->

				<!--####Register. Name filter-->
				<field name="filterNameOnSaveSpacer" type="note"
					class="alert alert-warning"
					label="PLG_SYSTEM_ONUSERGHSVS_FILTERNAMEONSAVE"
					description="PLG_SYSTEM_ONUSERGHSVS_FILTERNAMEONSAVE_DESC"/>

				<field name="filterNameOnSave" type="list" default="0" filter="integer"
					label="PLG_SYSTEM_ONUSERGHSVS_FILTERNAMEONSAVE">
					<option value="1">JYES</option>
					<option value="0">JNO</option>
				</field>

				<field name="filterNameOnSaveInfoSpacer" type="note" close="true"
					class="alert alert-secondary"
					label="PLG_SYSTEM_ONUSERGHSVS_FILTERNAMEONSAVE_INFO"
					description="PLG_SYSTEM_ONUSERGHSVS_FILTERNAMEONSAVE_INFO_DESC"
					showon="filterNameOnSave:1"/>

				<field name="filterNameOnSaveRulesSpacer" type="note" close="true"
					class="alert alert-info"
					label="PLG_SYSTEM_ONUSERGHSVS_FILTERNAMEONSAVERULES"
					description="PLG_SYSTEM_ONUSERGHSVS_FILTERNAMEONSAVERULES_DESC"
					showon="filterNameOnSave:1"/>

				<field name="filterNameOnSaveRules" type="textarea" default="" filter="string"
					label="PLG_SYSTEM_ONUSERGHSVS_FILTERNAMEONSAVERULES"
					showon="filterNameOnSave:1"/>
				<!--/####Register. Name filter-->

			</fieldset><!--/onRegister-->

			<fieldset name="onProfile"
				label="PLG_ONUSERGHSVS_FIELDSET_ONPROFILE">

				<!--####Profile. Block user saving-->
				<field name="blockUserSavingSpacer" type="note"
					class="alert alert-warning"
					label="PLG_ONUSERGHSVS_BLOCKUSERSAVING"
					description="PLG_ONUSERGHSVS_BLOCKUSERSAVING_DESC"/>

				<field name="blockUserSaving" type="list" default="0" filter="integer"
					label="PLG_ONUSERGHSVS_BLOCKUSERSAVING">
					<option value="1">JYES</option>
					<option value="0">JNO</option>
				</field>

				<field name="blockUserSavingInfoSpacer" type="note" close="true"
					class="alert alert-secondary"
					label="PLG_ONUSERGHSVS_BLOCKUSERSAVING_INFO"
					description="PLG_ONUSERGHSVS_BLOCKUSERSAVING_INFO_DESC"
					showon="blockUserSaving:1"/>

				<field name="users_to_block" type="UsersGhsvs" multiple="true"
					label="PLG_ONUSERGHSVS_USERS_TO_BLOCK"
					showon="blockUserSaving:1">
				</field>

				<field name="block_fe" type="list" filter="integer" default="1"
					label="PLG_ONUSERGHSVS_BLOCK_FE"
					showon="blockUserSaving:1">
					<option value="0">JNO</option>
					<option value="1">JYES</option>
				</field>

				<field name="block_be" type="list" filter="integer" default="0"
					label="PLG_ONUSERGHSVS_BLOCK_BE"
					showon="blockUserSaving:1">
					<option value="0">JNO</option>
					<option value="1">JYES</option>
				</field>

				<field name="allow_adminsSpacer" type="note" close="true"
					class="alert alert-secondary"
					label="PLG_ONUSERGHSVS_ALLOW_ADMINS"
					description="PLG_ONUSERGHSVS_ALLOW_ADMINS_DESC"
					showon="blockUserSaving:1"/>

				<field name="allow_admins" type="list" filter="integer" default="-1"
					label="PLG_ONUSERGHSVS_ALLOW_ADMINS"
					showon="blockUserSaving:1">
					<option value="0">JNO</option>
					<option value="1">JYES</option>
					<option value="-1">PLG_ONUSERGHSVS_ONLY_SUPERUSERS</option>
				</field>
				<!--/####Profile. Block user saving-->

			</fieldset><!--/onProfile-->
		</fields>
	</config>

</extension>
