<?xml version="1.0" encoding="utf-8"?>
<extension type="plugin" client="site" group="system" method="upgrade">
	<name>PLG_SYSTEM_ONUSERGHSVS</name>
	<author>G@HService Berlin Neukölln, Volkmar Volli Schlothauer</author>
	<creationDate>2021-12-04</creationDate>
	<copyright>(C) 2021, G@HService Berlin Neukölln, Volkmar Volli Schlothauer.</copyright>
	<license>GNU General Public License version 3 or later; see LICENSE.txt.</license>
	<authorUrl>https://ghsvs.de</authorUrl>
	<version>2022.04.25</version>
	<description>PLG_SYSTEM_ONUSERGHSVS_XML_DESCRIPTION</description>

	<updateservers><server type="extension" priority="1" name="PLG_SYSTEM_ONUSERGHSVS">https://raw.githubusercontent.com/GHSVS-de/upadateservers/master/plg_system_onuserghsvs-update.xml</server></updateservers>

	<changelogurl>https://raw.githubusercontent.com/GHSVS-de/upadateservers/master/plg_system_onuserghsvs-changelog.xml</changelogurl>

	<infourl>https://github.com/GHSVS-de/plg_system_onuserghsvs#readme</infourl>

	<downloadUrl>
	https://github.com/GHSVS-de/plg_system_onuserghsvs/raw/2022.04.25/dist/plg_system_onuserghsvs-2022.04.25.zip
	</downloadUrl>

	<versionCompare>
	https://github.com/GHSVS-de/plg_system_onuserghsvs/compare/2021.12.04...2022.04.25
	</versionCompare>

	<scriptfile>installerScript.php</scriptfile>
	<minimumPhp>7.3.0</minimumPhp>
	<maximumPhp>8.9999.9999</maximumPhp>
	<minimumJoomla>3.10.0</minimumJoomla>
	<maximumJoomla>3.9999.9999</maximumJoomla>
	<allowDowngrades>1</allowDowngrades>

	<files>
		<filename plugin="onuserghsvs">onuserghsvs.php</filename>
		<filename>installerScript.php</filename>
		<filename>LICENSE.txt</filename>
		<folder>language</folder>
	</files>

	<config>
		<fields name="params">

			<fieldset name="basic">
				<field type="hidden" default="1" name="onuserghsvsplugin"/>

				<field name="informAdminsSpacer" type="note"
					class="alert alert-info"
					label="PLG_SYSTEM_ONUSERGHSVS_INFORMADMINS"
					description="PLG_SYSTEM_ONUSERGHSVS_INFORMADMINS_DESC"/>

				<field name="informAdmins" type="list" default="0" filter="integer"
					label="PLG_SYSTEM_ONUSERGHSVS_INFORMADMINS">
					<option value="1">JYES</option>
					<option value="0">JNO</option>
				</field>

				<field name="specificEmailsSpacer" type="note"
					class="alert alert-info"
					label="PLG_SYSTEM_ONUSERGHSVS_SPECIFICEMAILS"
					description="PLG_SYSTEM_ONUSERGHSVS_SPECIFICEMAILS_DESC"
					showon="informAdmins:1"/>

				<field name="specificEmails" type="text" default="" filter="string"
					label="PLG_SYSTEM_ONUSERGHSVS_SPECIFICEMAILS"
					showon="informAdmins:1"/>

				<field name="filterNameOnSaveSpacer" type="note"
					class="alert alert-info"
					label="PLG_SYSTEM_ONUSERGHSVS_FILTERNAMEONSAVE"
					description="PLG_SYSTEM_ONUSERGHSVS_FILTERNAMEONSAVE_DESC"/>

				<field name="filterNameOnSave" type="list" default="0" filter="integer"
					label="PLG_SYSTEM_ONUSERGHSVS_FILTERNAMEONSAVE">
					<option value="1">JYES</option>
					<option value="0">JNO</option>
				</field>

				<field name="filterNameOnSaveRulesSpacer" type="note"
					class="alert alert-info"
					label="PLG_SYSTEM_ONUSERGHSVS_FILTERNAMEONSAVERULES"
					description="PLG_SYSTEM_ONUSERGHSVS_FILTERNAMEONSAVERULES_DESC"
					showon="filterNameOnSave:1"/>

				<field name="filterNameOnSaveRules" type="textarea" default="" filter="string"
					label="PLG_SYSTEM_ONUSERGHSVS_FILTERNAMEONSAVERULES"
					showon="filterNameOnSave:1"/>
			</fieldset>
		</fields>
	</config>

</extension>
